player,college,position,grade,height,arm_length,weight,hand_length,yard_time,bench_press,vertical_jump,broad_jump,cone_drill,yard_shuttle
"Abbrederis, Jared",Wisconsin,WO,5.2,73,31.375,195,9.625,4.5,4,30.5,117,6.8,4.08
"Adams, Davante",Fresno St.,WO,5.96,73,32.625,212,9,4.56,14,39.5,123,6.82,4.3
"Alexander, Mo",Utah St.,S,4.9,73,32.625,220,8.875,4.54,,38,123,7.05,4.51
"Allen, Ricardo",Purdue,DB,5.1,71,30,187,9.25,4.61,13,35.5,117,,4.15
"Amaro, Jace",Texas Tech,TE,5.4,77,34,265,9,4.74,28,33,118,7.42,4.3
"Andrews, Antonio",Western Kentucky,RB,5.16,70,31.25,225,9.5,4.82,20,29.5,106,7.24,4.49
"Archer, Dri",Kent St.,RB,5.45,68,31,173,8.875,4.26,20,38,122,6.86,4.06
"Armstrong, Matt",Grand Valley St.,OL,5.14,74,33,302,10.625,5.36,,,,,
"Atkinson, George",Notre Dame,RB,5.1,73,33.25,218,9.375,4.48,19,38,121,7.07,4.46
"Attaochu, Jeremiah",Georgia Tech,LB,5.52,75,33,252,9.875,,,,,,
"Bailey, Dion",USC,S,5.2,72,32,201,9.5,4.66,,34,113,6.97,4.15
"Barr, Anthony",UCLA,LB,6.6,77,33.5,255,9.375,4.66,15,34.5,119,6.82,4.19
"Barrow, Lamin",LSU,LB,5.37,73,33.375,237,10.375,4.64,22,35,123,7.24,4.35
"Beckham, Odell",LSU,WO,5.9,71,32.75,198,10,4.43,7,38.5,122,6.69,3.94
"Belue, Deion",Alabama,DB,5.17,71,31.5,182,8.125,,11,,,,
"Benjamin, Kelvin",Florida St.,WO,6.4,77,34.875,240,10.25,4.61,13,32.5,119,7.33,4.39
"Benwikere, Bene",San Jose St.,DB,5.22,71,30,195,9.125,4.63,10,40.5,122,6.94,4.38
"Berhe, Nat",San Diego St.,S,5.24,70,30.625,193,8.5,4.71,15,35.5,117,7.08,4.22
"Bibbs, Kapri",Colorado St.,RB,5.05,69,31.375,212,8.5,4.67,24,29,106,,
"Bitonio, Joel",Nevada,OL,5.5,76,33.875,302,9.625,4.97,22,32,114,7.37,4.44
"Blanchflower, Rob",Massachusetts,TE,5.11,76,33.75,256,9.625,,,,,,
"Blue, Alfred",LSU,RB,5.25,74,32.375,223,9.875,4.63,13,32,121,7.15,4.5
"Bodine, Russell",North Carolina,OL,5.3,75,32.5,310,10,5.18,42,29,109,8.26,4.66
"Boffeli, Conor",Iowa,OL,4.8,76,32,298,9.375,5.3,21,25,101,7.44,4.61
"Borland, Chris",Wisconsin,LB,5.55,71,29.25,248,9.875,4.83,27,31,114,7.18,4.27
"Bortles, Blake",Central Florida,QB,6.4,77,32.875,232,9.375,4.93,,32.5,115,7.08,4.21
"Boston, Tre",North Carolina,S,5.09,72,31.375,204,9.75,4.59,18,35,116,7.04,4.31
"Boswell, Chris",Rice,ST/K,5.09,74,31.25,185,8.625,,,,,,
"Boyd, Chris",Vanderbilt,WO,5.2,76,32.625,206,9.625,4.73,12,,,,
"Boyd, Tajh",Clemson,QB,5.45,73,30.75,222,9.625,4.84,,30.5,106,7.33,4.23
"Bradford, Carl",Arizona State,LB,5.31,73,30.25,250,9.5,4.76,23,37.5,122,7.25,4.3
"Breeland, Bashaud",Clemson,DB,5.55,71,31.75,197,9,4.62,11,34.5,123,7.04,4.33
"Bridgewater, Teddy",Louisville,QB,6.3,74,33,214,9.25,,,30,113,7.17,4.2
"Britt, Justin",Missouri,OL,5.18,78,33.5,325,10.5,5.19,23,27.5,100,8.14,4.69
"Bromley, Jason",Syracuse,DL,5.24,75,33.5,306,9.25,5.06,26,33.5,106,7.92,
"Brooks, Terrence",Florida St.,S,5.29,71,31,198,9,4.42,10,38,119,7.35,
"Brown, Corey",Ohio St.,WO,4.9,71,31.75,178,9.375,4.51,,33,116,7.16,4.22
"Brown, John",Pittsburg St. (KS),WO,4.95,70,30.5,179,8.5,4.34,,36.5,119,6.91,4.12
"Brown, Jonathan",Illinois,LB,5.2,72,33,238,9.375,5.03,16,31,108,7.77,4.56
"Brown, Preston",Louisville,LB,5.42,73,33.5,251,10.25,4.86,23,33,116,6.98,4.26
"Bryant, Martavis",Clemson,WO,5.34,76,32.625,211,9.5,4.42,16,39,124,7.18,4.15
"Bucannon, Deone",Washington St.,S,5.32,73,32.375,211,9.75,4.49,19,36.5,125,6.96,4.26
"Bullough, Max",Michigan St.,LB,5.25,75,31,249,9.375,4.78,30,31,112,7.22,4.3
"Burse, Isaiah",Fresno St.,WO,5.2,70,30.25,188,8.375,4.58,16,31,115,6.74,3.94
"Burton, Trey",Florida,TE,5.2,74,31,224,9.375,4.62,,30,112,7.14,4.32
"Campanaro, Mike",Wake Forest,WO,5.07,69,30,192,9.75,4.46,20,39,122,6.77,4.01
"Carey, Ka'Deem",Arizona,RB,5.75,69,31.75,207,9.5,4.7,19,32.5,115,7.08,4.38
"Carr, Derek",Fresno St.,QB,5.8,74,31.5,214,9.125,4.69,,34.5,110,,4.2
"Carrethers, Ryan",Arkansas State,DL,5.15,73,31.75,337,9.375,5.47,32,26,88,7.89,
"Carrie, Travis",Ohio,DB,5.4,72,31.875,206,9.75,,17,,,,
"Clark, Steven",Auburn,ST/P,4.85,77,31.75,231,9,,,,,,
"Clarke, Will",West Virginia,DL,5.05,78,34.625,271,9.875,4.77,22,32,112,7.26,
"Clinton-Dix, Ha Ha",Alabama,S,6.1,73,32.375,208,9,4.58,11,33,119,7.16,4.16
"Clowney, Jadeveon",South Carolina,DL,7.5,77,34.5,266,10,4.53,21,37.5,124,7.27,
"Cockrell, Ross",Duke,DB,5.36,72,29.875,191,9,4.56,10,36.5,122,7.28,4.32
"Coleman, Brandon",Rutgers,WO,5.42,78,34,225,9.25,4.56,21,32.5,,7.33,4.51
"Coleman, Deandre",California,DL,5.4,77,34.375,314,10.25,,24,,,,
"Colter, Kain",Northwestern,WO,5.32,70,31,198,10,,,,,,
"Colvin, Aaron",Oklahoma,DB,5.27,71,31,177,9.25,,,,,,
"Cooks, Brandin",Oregon St.,WO,5.85,70,30.75,189,9.625,4.33,16,36,120,6.76,3.81
"Copeland, Damian",Louisville,WO,4.8,71,31.375,184,9,4.5,12,40,120,6.53,3.9
"Copeland, J.C.",LSU,RB,5.1,71,32,271,10,4.95,23,28.5,111,7.68,4.58
"Cornett, Tim",UNLV,RB,5.02,72,31,209,9.25,4.48,,34.5,125,7.01,4.26
"Crichton, Scott",Oregon St.,DL,5.35,75,32.75,273,10.125,4.84,24,31.5,108,7.19,
"Crowell, Isaiah",Alabama St.,RB,5.05,71,31.375,224,9.25,4.57,23,38,117,,
"Davis, Chris",Auburn,DB,5.22,70,31,202,9.25,,15,,,,
"Davis, Mike",Texas,WO,5.24,72,32.75,197,10,,10,,,,
"Denham, Anthony",Utah,TE,4.7,76,33.375,235,10.5,4.77,,32.5,,,
"Dennard, Darqueze",Michigan St.,DB,5.9,71,30.25,199,9,4.51,15,,,,
"Desir, Pierre",Lindenwood,DB,5.27,73,33,198,9.625,4.59,11,35,133,6.86,4.3
"Dixon, Ahmad",Baylor,S,5.22,72,32.25,212,9.875,4.64,14,32,111,7.55,4.5
"Dixon, Brandon",Northwest Missouri St.,DB,5.15,71,32.5,203,9,4.41,17,32.5,117,7.15,4.27
"Donald, Aaron",Pittsburgh,DL,5.35,73,32.625,285,9.875,4.68,35,32,116,7.11,
"Dowling, Jonathan",Western Kentucky,S,5.25,75,33.125,190,9.25,4.52,8,33.5,118,7.04,4.24
"Dozier, Dakota",Furman,OL,5.36,76,33.875,313,9.875,5.42,23,24,101,8.14,4.89
"Duncan, Joe Don",Dixie St.,TE,5,75,32.375,268,10.5,,35,,,,
"Ealy, Kony",Missouri,DL,5.75,76,34.25,273,9.5,4.92,22,31,114,6.83,
"Easley, Dominique",Florida,DL,5.32,74,32.875,288,9.75,,26,,,,
"Ebron, Eric",North Carolina,TE,6.4,76,33.25,250,10,4.6,24,32,120,,
"Edebali, Kasim",Boston College,DL,5.1,74,32.75,253,9.5,4.79,19,34.5,115,7.2,
"Edwards, Kadeem",Tennessee St.,OL,5,76,35.5,313,9.5,5.25,26,27,99,7.95,4.82
"Ellington, Bruce",South Carolina,WO,5.45,69,31,197,9.625,4.45,15,39.5,120,6.69,3.95
"Ellis, Justin",Louisiana Tech,DL,4.75,73,33,334,10.125,5.27,25,28,92,7.81,
"Enemkpali, IK",Louisiana Tech,DL,5.09,73,33.125,261,9.75,5.01,28,34,112,7.67,
"Enunwa, Quincy",Nebraska,WO,4.8,74,32.625,225,9.5,4.45,19,,,,
"Evans, Mike",Texas A&M,WO,6.15,77,35.125,231,9.625,4.53,12,37,,7.08,4.26
"Evans, Shaq",UCLA,WO,5.29,73,32,213,9.375,4.51,13,34.5,122,7.07,4.21
"Exum, Antone",Virginia Tech,DB,5.45,72,31.625,213,9.625,4.59,17,35,117,7.05,4.13
"Fales, David",San Jose St.,QB,5.18,74,31.75,212,9.25,4.99,,28,103,7.55,4.5
"Feiler, Matt",Bloomsburg,OL,4.65,78,32,330,9.5,5.37,36,26.5,103,8.13,4.86
"Fera, Anthony",Texas,ST/K,4.95,73,31,211,9.175,,,,,,
"Ferguson, Ego",LSU,DL,5.5,75,32.5,315,10.75,,24,,,,
"Fiedorowicz, C.J.",Iowa,TE,5.5,77,33,265,10.25,4.76,25,31.5,116,7.1,4.26
"Flanders, Timothy",Sam Houston St.,RB,4.85,69,30.25,207,9.25,4.75,20,32,113,7.07,
"Fleming, Cameron",Stanford,OL,5.22,77,34,323,9.875,5.28,26,23.5,97,8.24,5
"Fluellen, David",Toledo,RB,5.1,71,33.375,224,9.175,4.72,,36.5,120,6.9,
"Ford, Dee",Auburn,DL,5.37,74,32.875,252,10.25,,,,,,
"Fortt, Khairi",California,LB,5.25,74,33.625,248,10.125,4.7,30,36,120,,
"Fowler, Bennie",Michigan St.,WO,5.03,73,32,217,9.5,4.52,,36,126,7.06,4.18
"Franklin, Austin",New Mexico St.,WO,5.1,71,31.25,189,10,4.56,7,36,124,7.07,4.33
"Freeman, Devonta",Florida St.,RB,5.57,68,29.375,206,9.625,4.58,,31.5,118,7.11,4.26
"Fuller, Kyle",Virginia Tech,DB,5.4,72,32.875,190,9.375,4.49,12,38.5,128,6.9,4.19
"Fulton, Zach",Tennessee,OL,5.27,77,33.25,316,10.25,5.16,25,24.5,98,7.87,5.16
"Gaffney, Tyler",Stanford,RB,5.12,71,30.25,220,9,4.49,,36.5,116,6.78,4.18
"Gaines, E.J.",Missouri,DB,5.27,70,30.375,190,9.375,,15,,,,
"Gaines, Phillip",Rice,DB,4.5,72,31.875,193,9.625,4.38,11,36.5,122,6.62,4.04
"Gallon, Jeremy",Michigan,WO,5.02,67,29.5,185,9.375,4.49,15,,,,
"Garoppolo, Jimmy",Eastern Illinois,QB,5.38,74,31,226,9.25,4.97,,30.5,110,7.04,4.26
"Gayle, James",Virginia Tech,DL,5.31,76,32.375,259,9.625,4.7,26,37,122,7.19,
"George, Jeremiah",Iowa St.,LB,5.18,71,31.875,234,9.25,4.91,28,33,116,,
"Gilbert, Justin",Oklahoma St.,DB,6.3,72,33.125,202,8.625,4.37,20,35.5,126,6.92,
"Gillmore, Crockett",Colorado St.,TE,5,78,33.75,260,10.375,4.89,,33.5,120,7.42,4.44
"Goodson, Demetri",Baylor,DB,5.05,71,31.75,194,9.25,4.52,11,37,123,6.8,4.34
"Grant, Ryan",Tulane,WO,5.12,72,31,199,9.625,4.64,8,35.5,119,6.68,4.11
"Grice, Marion",Arizona State,RB,5.18,72,32,202,9.25,,,,,,
"Grimble, Xavier",USC,TE,5.15,76,33.625,257,10.25,,,26.5,113,,
"Groy, Ryan",Wisconsin,OL,5.25,77,33.25,316,10.375,5.19,26,26.5,108,7.49,4.47
"Hageman, Ra'Shede",Minnesota,DL,6.1,78,34.25,310,10.25,5.02,32,35.5,114,7.87,
"Hal, Andre",Vanderbilt,DB,5.23,70,30.5,188,8.625,4.5,15,35.5,119,7.14,4.27
"Halapio, Jon",Florida,OL,4.95,75,33.625,323,10.25,5.34,,21.5,100,8.26,4.83
"Hampton, Victor",South Carolina,DB,5.28,69,31.25,197,9.25,4.69,20,33.5,118,7.01,4.2
"Harrison, Jonotthan",Florida,OL,5.24,75,33.375,304,9.875,5.15,27,27,113,7.97,4.86
"Hart, Taylor",Oregon,DL,5.29,78,32.75,281,10.125,,21,,,,
"Hazel, Matt",Coastal Carolina,WO,5.17,73,31.375,198,9.125,4.5,15,36.5,118,7.08,4.2
"Heit, Marcus",Kansas St.,ST/LS,5.02,75,31.375,258,9.875,4.91,,29,,,
"Henderson, Seantrel",Miami,OL,5.62,79,34.625,331,10.5,5.04,,24,95,8.15,4.77
"Herron, Robert",Wyoming,WO,5.2,69,30.5,193,9.75,4.48,18,35.5,125,6.84,4.27
"Hewitt, Ryan",Stanford,RB,5.05,76,32,246,9.25,4.87,,33,109,7.04,4.35
"Hill, Jeremy",LSU,RB,5.8,73,32.625,233,10.375,4.66,20,29,113,,
"Hitchens, Anthony",Iowa,LB,4.95,72,32.5,240,9.125,4.74,23,31.5,116,7.15,4.45
"Hocker, Zach",Arkansas,ST/K,4.5,72,30.125,189,8.625,,,,,,
"Hoffman, Cody",BYU,WO,5.07,76,33.25,223,9.75,4.65,13,27.5,108,6.89,4.2
"Hornsey, Tom",Memphis,ST/P,5,75,31,221,9.125,,,,,,
"Hubbard, Adrian",Alabama,LB,5.45,78,34.5,257,9.25,4.69,,38.5,117,,
"Huff, Josh",Oregon,WO,5.28,71,31.5,206,9.375,4.51,14,35.5,116,,
"Huff, Marqueston",Wyoming,S,5.7,71,31.375,196,9,4.49,15,35.5,118,7.26,4.19
"Hurns, Allen",Miami,WO,5.1,73,32,198,9.25,4.55,14,31,120,7.23,4.5
"Hurst, James",North Carolina,OL,5.39,77,33.75,296,10.125,,,,,,
"Hyde, Carlos",Ohio St.,RB,6.2,72,32,230,9.625,4.66,19,34.5,114,,
"Hyder, Kerry",Texas Tech,DL,4.9,74,33.5,290,9.75,5.1,20,29.5,108,7.23,
"Ikard, Gabe",Oklahoma,OL,5.2,76,33.125,304,9.625,5.13,22,26,103,7.3,4.37
"Jackson, Andrew",Western Kentucky,LB,5.23,73,32.5,254,9.5,,,,,,
"Jackson, Bennett",Notre Dame,DB,5.2,72,31.375,195,9.25,4.51,13,38,128,6.75,4
"Jackson, Gabe",Mississippi St.,OL,5.95,75,33.75,336,10,5.51,30,29,108,8.25,4.78
"Jacobs, Nic",McNeese St.,TE,5,77,34.125,269,10,,15,,,,
"James, Ja'Wuan",Tennessee,OL,5.65,78,35,311,9.875,5.34,22,29,103,7.42,4.56
"James, Kendall",Maine,DB,5.26,70,29.5,180,8,4.44,9,39,,6.81,4.19
"Janis, Jeff",Saginaw Valley St.,WO,5.34,75,32.5,219,9,4.42,20,37.5,123,6.64,3.98
"Jean-Baptiste, Stanley",Nebraska,DB,5.29,75,32.375,218,8.625,4.61,13,41.5,128,,4.33
"Jeffcoat, Jackson",Texas,DL,5.15,75,33.875,247,9.625,4.63,18,36,123,6.97,
"Jensen, Marcel",Fresno St.,TE,5.26,78,34.875,259,9.875,4.85,24,35,115,7.38,4.6
"Jernigan, Timmy",Florida St.,DL,5.6,74,31.625,299,9.625,5.06,27,29.5,102,,
"Johnson, Anthony",LSU,DL,5.55,74,33,308,10.375,5.24,20,24.5,102,7.93,
"Johnson, Dontae",N.C. State,DB,5.32,74,31.5,200,8.625,4.45,12,38.5,124,6.82,4.24
"Johnson, Storm",Central Florida,RB,5.34,72,32,209,9.5,4.6,16,35.5,118,,
"Johnson, Wesley",Vanderbilt,OL,5.25,77,33.125,297,10.25,5.11,26,29,111,7.4,4.64
"Jones, Christian",Florida St.,LB,5.3,75,33.5,240,9.625,4.74,,33.5,115,,
"Jones, DaQuan",Penn St.,DL,5.65,76,33.5,322,9.625,5.35,25,27.5,101,7.73,
"Jones, Howard",Shepherd,DL,5.25,74,34.125,235,9.5,4.6,21,40.5,124,7.16,
"Jones, T.J.",Notre Dame,WO,5.35,72,30.625,188,10,4.48,,33,119,6.82,4.27
"Jordan, Reggie",Missouri Western,TE,5.18,75,32.25,240,9.625,4.77,24,30,116,7.22,4.3
"Josey, Henry",Missouri,RB,5.08,68,30.25,194,9.5,4.43,20,34.5,118,7.07,4.13
"Joyner, Lamarcus",Florida St.,DB,5.24,68,31.5,184,9.5,4.55,14,37.5,124,7.26,4.4
"Kennard, Devon",USC,LB,5.1,75,33.375,249,9.375,4.7,23,30,113,7.25,4.32
"Kerr, Zachariah",Delaware,DL,5.1,73,32.875,326,9.75,5.08,28,28.5,99,7.93,
"Kirksey, Christian",Iowa,LB,5.2,74,32.375,233,9.375,,16,32,122,,
"Kouandjio, Cyrus",Alabama,OL,5.75,79,35.625,322,10.25,5.59,21,27.5,96,7.71,4.84
"Ladler, Kenny",Vanderbilt,S,4.95,72,31.625,207,9.625,4.7,24,36.5,127,,
"Landry, Jarvis",LSU,WO,5.6,71,31.75,205,10.25,4.77,12,28.5,110,,
"Larsen, Tyler",Utah St.,OL,5.2,76,31.5,313,9.25,,36,23.5,102,8.22,4.7
"Latimer, Cody",Indiana,WO,5.24,74,32.625,215,9.625,,23,,,,
"Lawrence, Demarcus",Boise St.,DL,6.1,75,33.75,251,11,4.8,20,34.5,113,7.46,
"Lawson, Nevin",Utah St.,DB,4.8,69,31.5,190,9,4.48,16,33,120,7.12,4.4
"Lee, Marqise",USC,WO,6.2,72,31.75,192,9.5,4.52,,38,127,,4.01
"Leno Jr., Charles",Boise St.,OL,5.25,76,34.375,303,10.125,,21,29,108,7.57,4.4
"Leonard, A.C.",Tennessee St.,TE,5.03,74,33,252,9.25,4.5,20,34,128,,
"Leone, Richie",Houston,ST/P,4.95,75,31.75,211,8.875,,,,,,
"Lewan, Taylor",Michigan,OL,6.18,79,33.875,309,9.25,4.87,29,30.5,117,7.39,4.49
"Lewis, Isaiah",Michigan St.,S,5.18,70,31.5,211,9.625,4.6,15,36.5,122,7.05,4.47
"Linder, Brandon",Miami,OL,5.26,78,34.5,311,10.25,5.35,30,26.5,100,,
"Linsley, Corey",Ohio St.,OL,5.1,75,32,296,9.875,,36,27,,,
"Lokombo, Boseko",Oregon,LB,5.1,74,33.375,225,9.875,4.66,,,122,7.15,4.3
"Long, Spencer",Nebraska,OL,5.26,77,33.125,320,10.75,,,,,,
"Loston, Craig",LSU,S,5.55,71,30.75,217,9.75,4.65,12,32.5,119,7.15,4.35
"Lucas, Luke",Kansas St.,OL,5.16,80,36.75,316,10,,,,,,
"Lucas, Marcus",Missouri,WO,5.1,76,33.625,218,9.375,4.6,20,36,124,7.07,4.25
"Lyerla, Colt",Oregon,TE,5.33,76,32.75,242,10.25,4.61,15,39,128,,
"Lynch, Aaron",South Florida,DL,5.24,77,34,249,10.25,,18,,,,
"Lynch, Arthur",Georgia,TE,5.1,77,32.5,258,10.125,4.82,28,29.5,116,7.38,4.35
"Lynch, Jordan",Northern Illinois,QB,5.05,72,29.75,217,8.875,4.76,,29.5,109,6.55,4.2
"Mack, Khalil",Buffalo,LB,6.7,75,33.25,251,10.25,4.65,23,40,128,7.08,4.18
"Mandell, Cody",Alabama,ST/P,5.09,74,31.125,216,9.75,4.89,,27,,,
"Manumaleuna, Eathyn",BYU,DL,5.15,74,32.25,296,10,5.16,29,28,101,7.78,
"Manziel, Johnny",Texas A&M,QB,5.9,71.75,31.375,207,9.875,4.68,,31.5,113,6.75,4.03
"Marsh, Cassius",UCLA,DL,5.37,76,32.75,252,9.5,4.89,14,32,108,7.08,
"Martin, Kareem",North Carolina,DL,5.26,78,35,272,10,4.72,22,35.5,129,7.2,
"Martin, Marcus",USC,OL,5.5,75,34,320,10,,23,,,,
"Martin, Zack",Notre Dame,OL,5.97,76,32.875,308,9.5,,29,28,106,7.65,4.59
"Mason, Tre",Auburn,RB,5.75,68,30,207,9,4.5,,38.5,126,,4.15
"Mathews, Jeff",Cornell,QB,5.2,76,32.125,223,10.125,5.26,,25.5,105,7.14,4.36
"Matthews, Jake",Texas A&M,OL,6.7,77,33.375,308,9.875,5.07,24,30.5,105,7.34,4.47
"Matthews, Jordan",Vanderbilt,WO,5.6,75,33.25,212,10.375,4.46,21,35.5,120,6.95,4.18
"Mauro, Josh",Stanford,DL,5.2,78,33,271,9.5,5.21,21,32,116,7.43,
"McCarron, AJ",Alabama,QB,5.65,75,31.5,220,10,4.94,,28,99,7.18,4.34
"McCullers, Daniel",Tennessee,DL,5.65,79,36.625,352,11,,27,20.5,97,,
"McDougle, Dexter",Maryland,DB,5.12,70,30.625,196,9.625,,,,,,
"McGill, Keith",Utah,DB,5.35,75,33.25,211,10.25,4.51,,39,129,7.29,4.18
"McKinnon, Jerick",Georgia Southern,RB,5.24,69,30.25,209,8.625,4.41,32,40.5,132,6.83,4.12
"Mettenberger, Zach",LSU,QB,5.27,77,32.375,224,9.75,,,,,,
"Mewhort, Jack",Ohio St.,OL,5.6,78,34,309,9.75,5.37,28,26,101,7.79,4.64
"Millard, Trey",Oklahoma,RB,5.12,74,31,247,9.125,,,,,,
"Mims, Tevin",South Florida,DL,4.9,76,33.5,260,9.375,4.95,17,27.5,109,,
"Mitchell, Terrance",Oregon,DB,5.25,71,30.125,192,8.5,4.63,,34,117,6.57,4
"Moncrief, Donte",Mississippi,WO,5.85,74,32.375,221,9.125,4.4,13,39.5,132,7.02,4.3
"Moore, Zach",Concordia (MN),DL,5.28,77,33.75,269,9.625,4.84,23,33.5,123,7.41,
"Morris, James",Iowa,LB,5,73,30.75,241,9.125,4.8,18,34.5,117,6.94,4.36
"Morris, Stephen",Miami,QB,5.28,74,32.75,213,10.25,4.63,,30,111,7.36,4.49
"Moses, Morgan",Virginia,OL,5.3,78,35.375,314,9.875,5.35,,21.5,106,7.93,4.95
"Mosley, C.J.",Alabama,LB,6.5,74,33.375,234,10.75,,,35,118,7.3,4.4
"Muema, Adam",San Diego St.,RB,5.24,70,29.875,202,9.75,,,,,,
"Murphy, Jake",Utah,TE,5.1,76,31.75,249,10,4.79,24,33,114,7.18,4.27
"Murphy, Trent",Stanford,LB,5.65,77,33.875,250,11.125,4.86,19,35.5,118,6.78,4.2
"Murray, Aaron",Georgia,QB,5.2,73,30.625,207,9.125,,,,,,
"Najvar, Jordan",Baylor,TE,4.85,78,32.25,256,10,4.93,18,32.5,112,7.14,4.47
"Newsome, Jonathan",Ball St.,DL,5.17,75,33.25,247,9.625,4.73,21,34,117,7.31,
"Niklas, Troy",Notre Dame,TE,5.65,78,34.125,270,10,,27,32,114,7.57,4.55
"Nix, Louis",Notre Dame,DL,5.9,74,33,331,9.875,5.42,,25.5,97,8.29,
"Norwood, Kevin",Alabama,WO,5.15,74,32.125,198,10,4.48,8,33,121,6.68,4.32
"O'Donnell, Pat",Miami,ST/P,4.95,76,32.5,220,9.75,4.64,23,30.5,,,
"Pagan, Jeoffrey",Alabama,DL,5.3,75,33,310,9.625,,,,,,
"Palepoi, Tenny",Utah,DL,5.3,73,30.5,298,9.875,5.1,31,30.5,111,7.67,
"Paradis, Matthew",Boise St.,OL,5.02,75,32.375,306,9.875,5.34,23,26,103,7.6,4.46
"Patchan, Matt",Boston College,OL,4.9,78,33,302,9.375,4.97,22,33.5,,,
"Pedersen, Jacob",Wisconsin,TE,5.28,75,31.75,238,9,4.89,,28.5,111,7.55,4.4
"Pennel, Mike",Colorado State-Pueblo,DL,5,76,33.375,332,9.875,5.23,23,28.5,102,7.94,
"Perkins, LaDarius",Mississippi St.,RB,5.15,67,31,195,9.625,4.46,23,35.5,124,7.08,4.3
"Pierre-Louis, Kevin",Boston College,LB,4.65,72,32.25,232,10.125,4.51,28,39,128,6.92,4.02
"Powell, Ronald",Florida,LB,5.35,75,32.5,237,9.375,4.65,21,35.5,114,,
"Powell, Walt",Murray St.,WO,4.7,71,31.625,189,9.5,4.63,10,31.5,120,6.7,4.23
"Price, Jabari",North Carolina,DB,4.95,70,31.625,200,9.125,4.45,16,,,7.04,4.3
"Pryor, Calvin",Louisville,S,6.15,71,31.375,207,9.125,4.58,18,34.5,116,,
"Purifoy, Loucheiz",Florida,DB,5.31,71,32.75,190,8.5,4.61,6,35.5,120,,
"Quarles, Kelcy",South Carolina,DL,5.35,76,33.25,297,9.375,5.03,27,23.5,102,,
"Ramsey, Kaleb",Boston College,DL,5,75,32.875,293,9.75,,36,,,,
"Reaser, Keith",Florida Atlantic,DB,5.14,70,30.75,189,9.5,,22,,,,
"Redd, Silas",USC,RB,5.05,70,30.75,212,9,4.7,18,37,122,,
"Reese, Tevin",Baylor,WO,5.17,70,31.625,163,8.625,4.46,,41,132,6.63,4.18
"Reid, Caraun",Princeton,DL,5.25,74,33,302,10.5,4.91,20,26.5,106,7.59,
"Reilly, Trevor",Utah,LB,5.35,77,32.25,245,9.5,,26,,,,
"Renner, Bryn",North Carolina,QB,5.1,75,30.375,228,9.125,4.87,,25.5,108,7.22,4.3
"Reynolds, Ed",Stanford,S,5.1,73,30.75,207,8.5,4.57,15,32.5,117,,
"Reynolds, Rashaad",Oregon St.,DB,5.65,70,31.625,189,9.75,4.51,20,37.5,123,6.72,4
"Richardson, Antonio",Tennessee,OL,5.6,78,35,336,10.25,5.3,36,24.5,,,
"Richardson, Cyril",Baylor,OL,5.42,77,34.625,329,9.5,5.36,25,25.5,91,7.7,4.83
"Richardson, Paul",Colorado,WO,5.27,72,32.625,175,8.875,4.4,,38,124,7.09,
"Richburg, Weston",Colorado St.,OL,5.32,75,33.375,298,9.25,5.1,25,25.5,106,7.93,4.63
"Roberson, Marcus",Florida,DB,5.4,72,31,191,9.25,4.61,8,37.5,120,6.84,4.08
"Robinson, Allen",Penn St.,WO,5.7,74,32,220,9.5,4.6,,39,127,7,4
"Robinson, Greg",Auburn,OL,6.75,77,35,332,10,4.92,32,28.5,113,7.8,4.86
"Roby, Bradley",Ohio St.,DB,6,71,31.5,194,10.25,4.39,17,38.5,124,,4.04
"Rodgers, Richard",California,TE,5.2,76,32.625,257,10.125,4.87,16,31.5,116,7.23,4.47
"Sam, Michael",Missouri,DL,5.22,74,33.375,261,9.375,4.91,17,25.5,114,7.8,
"Sankey, Bishop",Washington,RB,5.3,69,31,209,10,4.49,26,35.5,126,6.75,4
"Santos, Cairo",Tulane,ST/K,5.1,68,28.5,164,8.875,,,,,,
"Saunders, Jalen",Oklahoma,WO,5.22,69,30,165,8.875,4.44,,34,122,,
"Savage, Tom",Pittsburgh,QB,5.18,76,31.625,228,9.625,4.97,,27,105,7.33,4.36
"Schofield, Michael",Michigan,OL,5.2,78,34,301,9.625,5.01,,24,93,7.62,4.57
"Seastrunk, Lache",Baylor,RB,5.28,69,30,201,9.25,4.51,15,41.5,134,,
"Seferian-Jenkins, Austin",Washington,TE,5.5,72,33.75,262,9.75,,20,,,,
"Shaw, Connor",South Carolina,QB,5,72,30,206,9.25,4.66,,34,116,7.07,4.33
"Shazier, Ryan",Ohio St.,LB,6.15,73,32.375,237,10,,25,42,130,6.91,4.21
"Shembo, Prince",Notre Dame,LB,5.32,73,33.125,253,10.5,4.71,26,38.5,122,7.29,4.31
"Sims, Charles",West Virginia,RB,5.36,72,31,214,8.25,4.48,17,37.5,126,7.16,4.3
"Skov, Shayne",Stanford,LB,5.5,74,30.625,245,10,,,,,,
"Smallwood, Yawin",Connecticut,LB,5.35,74,31.75,246,9.5,5.01,18,36.5,108,,
"Smith, Chris",Arkansas,DL,5.31,73,34.125,266,9.5,4.71,28,37,121,7.55,
"Smith, Jerome",Syracuse,RB,5.05,71,30.875,220,9.75,4.84,14,36,118,7.53,4.6
"Smith, Marcus",Louisville,DL,5.39,75,34,251,10,4.68,23,35,121,7.48,
"Smith, Telvin",Florida St.,LB,5.32,75,32.5,218,10.25,4.52,,31.5,119,,
"Snead, Willie",Ball St.,WO,5.16,71,33,195,10.25,4.62,11,33.5,113,7.19,4.39
"Sorensen, Daniel",BYU,S,5.05,73,31,205,8.5,4.67,13,32,114,6.47,3.95
"Southward, Dezmen",Wisconsin,S,5.22,72,30.625,211,10,,,,,,
"Starr, Tyler",South Dakota,LB,4.9,76,32.5,250,9.5,4.95,24,32,116,6.64,4.15
"Steen, Anthony",Alabama,OL,5.31,75,30.5,314,9.125,,,,,,
"Stephen, Shamar",Connecticut,DL,5.42,77,33.125,309,10,5.25,25,30.5,103,,
"Stewart, Josh",Oklahoma St.,WO,5.14,70,30,178,9.375,4.69,11,35,117,7.1,4.33
"Stinson, Ed",Alabama,DL,5.75,75,33.75,287,9.375,,,,,,
"Stone, James",Tennessee,OL,5.1,76,33.875,306,10.125,5.17,22,27.5,105,8.16,4.63
"Stork, Bryan",Florida St.,OL,5.15,76,32.25,315,10.125,,,,,,
"Street, Devin",Pittsburgh,WO,5.23,75,33.375,198,9.25,4.55,,37,124,6.89,4.01
"Su'a-Filo, Xavier",UCLA,OL,5.65,76,33.375,307,9.375,5.04,25,25,102,7.6,4.44
"Sunseri, Vinnie",Alabama,S,5.14,71,30,210,10,,18,,,,
"Sutton, Will",Arizona State,DL,5.55,72,31.25,303,10,5.36,24,28.5,99,7.93,
"Swanson, Travis",Arkansas,OL,5.5,77,33.125,312,10,5.28,20,26,95,7.73,4.65
"Taliaferro, Lorenzo",Coastal Carolina,RB,5.05,72,32,229,8.375,4.58,18,33,118,6.88,4.22
"Thomas, Brandon",Clemson,OL,5.45,75,34.75,317,10.5,5.09,35,29,98,8.13,4.83
"Thomas, De'Anthony",Oregon,RB,5.49,69,29.875,174,8.125,4.5,8,32,124,,
"Thomas, Jemea",Georgia Tech,DB,5.14,69,30.625,192,10,4.55,19,37,125,,
"Thomas, Logan",Virginia Tech,QB,5.42,78,34.25,248,10.875,4.61,,35.5,118,7.05,4.18
"Thomas, Robert",Arkansas,DL,4.5,73,33.875,327,10,,32,,,,
"Thornton, Khyri",Southern Miss,DL,5,75,32.5,304,9.5,5.03,28,29,112,7.83,
"Tialavea, D.J.",Utah St.,TE,4.75,75,33.625,267,9.25,,,,,,
"Tripp, Jordan",Montana,LB,5.1,75,30.75,234,9.625,4.67,22,37.5,120,6.89,3.96
"Tuitt, Stephon",Notre Dame,DL,6.25,77,34.75,304,10,,31,,,,
"Turner, Billy",North Dakota St.,OL,5.24,77,34,315,10,5.16,25,28,108,7.92,4.71
"Turner, Trai",LSU,OL,5.15,75,34,310,9.5,4.93,25,27.5,,,
"Uko, George",USC,DL,5.05,75,33.25,284,10.125,4.99,18,29.5,110,,
"Unga, Devin",BYU,LB,5.2,73,31.375,231,10,,,,,,
"Urban, Brent",Virginia,DL,5.32,79,34.25,295,9.75,,,,,,
"Urschel, John",Penn St.,OL,5.55,75,33,313,10.375,5.31,30,29,102,7.55,4.47
"Van Noy, Kyle",BYU,LB,5.55,75,31.625,243,9.625,4.71,21,32.5,112,7.22,4.2
"Vaughan, Dustin",West Texas A&M,QB,4.85,77,33,235,8.875,4.95,,29,108,7.25,4.43
"Vereen, Brock",Minnesota,S,5.37,72,30,199,8.25,4.47,25,34,117,6.9,4.07
"Verrett, Jason",TCU,DB,5.75,69,30.625,189,9.25,4.38,,39,128,6.69,4
"Ward, Jimmie",Northern Illinois,S,5.12,71,31,193,9.375,,9,,,,
"Washington, L'Damian",Missouri,WO,5.2,76,33.375,195,9,4.46,8,32,115,7.19,4.35
"Washington, Todd",Southeastern Louisiana,DB,5.15,71,31.125,196,8.75,,13,,,,
"Watkins, Jaylen",Florida,DB,5.29,71,30.625,194,9.625,4.41,22,,,,
"Watkins, Sammy",Clemson,WO,7,71,32,211,9.625,4.43,16,34,126,6.95,4.34
"Watt, Chris",Notre Dame,OL,5.4,75,32.75,310,9.5,,29,,,,
"Webster, Larry",Bloomsburg,DL,5.22,78,33.5,252,10.125,4.58,17,36.5,123,7.29,
"Wenning, Keith",Ball St.,QB,5,75,31.25,218,10,5,,28,100,7.07,4.25
"West, Terrance",Towson,RB,5.4,69,31,225,9.125,4.54,16,33.5,120,,
"Westbrooks, Ethan",West Texas A&M,DL,5.23,75,33.25,267,9.625,4.9,19,29,110,7.3,
"Westbrooks, Lavelle",Georgia Southern,DB,5.27,71,32.375,186,9.75,4.63,15,36,121,6.98,4.27
"Whaley, Chris",Texas,DL,5.05,75,32.125,269,9.125,,,,,,
"White, James",Wisconsin,RB,5,69,29.25,204,8.25,4.57,23,32,114,7.05,4.2
"Wilder, James",Florida St.,RB,5.22,75,32,232,9.75,4.86,18,35,121,6.92,4.24
"Williams, Andre",Boston College,RB,5.62,71,33.5,230,9,4.56,,38,129,7.27,4.06
"Williams, Damien",Oklahoma,RB,5.05,71,30.625,222,9.125,4.45,16,35.5,121,7.37,4.25
"Williamson, Avery",Kentucky,LB,4.9,73,32.75,246,9.5,4.66,25,30.5,120,7.11,4.07
"Wilson, Albert",Georgia State,WO,4.75,69,30.375,202,9.125,4.43,10,37.5,123,7,4.21
"Wynn, Kerry",Richmond,DL,4.65,77,31.75,266,9.125,4.97,31,34,113,,
"Yankey, David",Stanford,OL,5.4,78,34,315,9.5,5.48,22,28.5,103,7.81,4.86
"Zumwalt, Jordan",UCLA,LB,5.33,76,31.25,235,8.75,4.76,,33,116,6.99,4.25
